Altium Designer Pick and Place Locations
G:\Git\RUMBA32\Source\Project Outputs for RUMBA32\Pick Place for RUMBA32.csv

========================================================================================================================
File Design Information:

Date:       29/05/19
Time:       21:07
Revision:   94be7f261eb24ac4ffcab3cee12fbea82752369c
Variant:    No variations
Units used: mm

"Designator","Description","Layer","Footprint","Center-X(mm)","Center-Y(mm)","Rotation"
"Q6","MOSFET N-CH 40V 100A LFPAK","TopLayer","LFPACK","127.9220","29.1414","180"
"C37","CAP CER 4.7UF 50V X7R 1210","TopLayer","CAP_3225-1210","102.5992","32.1723","270"
"LD8","LED GREEN CLEAR CHIP SMD 0603","TopLayer","LED_1608-0603","112.8484","32.0978","90"
"C18","CAP CER 0.1UF 50V X7R 0603","TopLayer","CAP_1608-0603","109.6840","32.0973","90"
"D2","DIODE SCHOTTKY 40V 4A DO214AA","TopLayer","DO-214AA","118.5992","31.8079","90"
"D3","DIODE SCHOTTKY 40V 2A SOD123F","TopLayer","DIOM2616X08N","115.0992","33.6118","270"
"U3","IC REG BUCK ADJ 1.2A SOT23-6","TopLayer","SOT23-6N","106.6360","32.0848","270"
"R6","RES SMD 10K OHM 1% 1/10W 0603","TopLayer","RES_1608-0603","111.2484","32.0978","90"
"R31","RES SMD 22 OHM 1% 1/10W 0603","TopLayer","RES_1608-0603","121.4500","37.0000","270"
"S3","SWITCH TACTILE SPST-NO 0.05A 12V","TopLayer","SW-PB_SMD_2pin","26.8500","19.5000","180"
"L1","FIXED IND 33UH 1.8A 145 MOHM SMD","TopLayer","SRN6045TA_SMD_Inductor","105.6860","23.0649","90"
"C36","CAP CER 4.7UF 50V X7R 1210","TopLayer","CAP_3225-1210","94.5645","13.7891","270"
"R44","RES SMD 100K OHM 1% 1/10W 0603","TopLayer","RES_1608-0603","123.7916","57.4999","270"
"R45","RES SMD 10K OHM 1% 1/10W 0603","TopLayer","RES_1608-0603","123.7916","60.9999","90"
"C30","CAP ALUM 100UF 20% 35V SMD","TopLayer","CAP_EL_PANASONIC","128.5652","58.8098","360"
"E2_MS1","Header, 3-Pin","TopLayer","HDR1X3-HEADER","130.9508","46.9361","270"
"E2_MS2","Header, 3-Pin","TopLayer","HDR1X3-HEADER","128.4108","46.9361","270"
"E2_MS3","Header, 3-Pin","TopLayer","HDR1X3-HEADER","125.8708","46.9361","270"
"E2_SLP","Header, 3-Pin","TopLayer","HDR1X3-HEADER","123.3308","46.9361","270"
"R30","RES SMD 100K OHM 1% 1/10W 0603","TopLayer","RES_1608-0603","108.5333","57.4999","270"
"R29","RES SMD 10K OHM 1% 1/10W 0603","TopLayer","RES_1608-0603","108.5333","60.9999","90"
"C25","CAP ALUM 100UF 20% 35V SMD","TopLayer","CAP_EL_PANASONIC","113.3069","58.8098","360"
"E1_MS1","Header, 3-Pin","TopLayer","HDR1X3-HEADER","115.6925","46.9361","270"
"E1_MS2","Header, 3-Pin","TopLayer","HDR1X3-HEADER","113.1525","46.9361","270"
"E1_MS3","Header, 3-Pin","TopLayer","HDR1X3-HEADER","110.6125","46.9361","270"
"E1_SLP","Header, 3-Pin","TopLayer","HDR1X3-HEADER","108.0725","46.9361","270"
"R28","RES SMD 100K OHM 1% 1/10W 0603","TopLayer","RES_1608-0603","93.2750","57.4999","270"
"R27","RES SMD 10K OHM 1% 1/10W 0603","TopLayer","RES_1608-0603","93.2750","60.9999","90"
"C24","CAP ALUM 100UF 20% 35V SMD","TopLayer","CAP_EL_PANASONIC","98.0485","58.8098","360"
"E0_MS1","Header, 3-Pin","TopLayer","HDR1X3-HEADER","100.4341","46.9361","270"
"E0_MS2","Header, 3-Pin","TopLayer","HDR1X3-HEADER","97.8941","46.9361","270"
"E0_MS3","Header, 3-Pin","TopLayer","HDR1X3-HEADER","95.3541","46.9361","270"
"E0_SLP","Header, 3-Pin","TopLayer","HDR1X3-HEADER","92.8141","46.9361","270"
"R26","RES SMD 100K OHM 1% 1/10W 0603","TopLayer","RES_1608-0603","78.0166","57.4999","270"
"R25","RES SMD 10K OHM 1% 1/10W 0603","TopLayer","RES_1608-0603","78.0166","60.9999","90"
"C23","CAP ALUM 100UF 20% 35V SMD","TopLayer","CAP_EL_PANASONIC","82.7902","58.8098","360"
"Z_MS1","Header, 3-Pin","TopLayer","HDR1X3-HEADER","85.1758","46.9362","270"
"Z_MS2","Header, 3-Pin","TopLayer","HDR1X3-HEADER","82.6358","46.9362","270"
"Z_MS3","Header, 3-Pin","TopLayer","HDR1X3-HEADER","80.0958","46.9362","270"
"Z_SLP","Header, 3-Pin","TopLayer","HDR1X3-HEADER","77.5558","46.9362","270"
"R24","RES SMD 100K OHM 1% 1/10W 0603","TopLayer","RES_1608-0603","62.7583","57.4999","270"
"R23","RES SMD 10K OHM 1% 1/10W 0603","TopLayer","RES_1608-0603","62.7583","60.9999","90"
"C22","CAP ALUM 100UF 20% 35V SMD","TopLayer","CAP_EL_PANASONIC","67.5319","58.8098","360"
"Y_MS1","Header, 3-Pin","TopLayer","HDR1X3-HEADER","69.9175","46.9362","270"
"Y_MS2","Header, 3-Pin","TopLayer","HDR1X3-HEADER","67.3775","46.9362","270"
"Y_MS3","Header, 3-Pin","TopLayer","HDR1X3-HEADER","64.8375","46.9362","270"
"Y_SLP","Header, 3-Pin","TopLayer","HDR1X3-HEADER","62.2975","46.9362","270"
"C31","CAP ALUM 100UF 20% 35V SMD","TopLayer","CAP_EL_PANASONIC","113.7577","23.0454","90"
"R15","RES SMD 1K OHM 1% 1/10W 0603","TopLayer","RES_1608-0603","34.0144","26.8808","180"
"LD11","LED GREEN CLEAR CHIP SMD 0603","TopLayer","LED_1608-0603","34.0144","25.1028","180"
"R58","RES SMD 1K OHM 1% 1/10W 0603","TopLayer","RES_1608-0603","34.0144","19.2608","180"
"LD9","LED GREEN CLEAR CHIP SMD 0603","TopLayer","LED_1608-0603","34.0144","17.4828","180"
"3V3","Header, 2-Pin","TopLayer","HDR1X2","39.3484","26.3728","90"
"XT1","CER RES 12.0000MHZ 33PF SMD","TopLayer","CERALOCK_CSTCE_G","38.4992","46.6462","270"
"X_SLP","Header, 3-Pin","TopLayer","HDR1X3-HEADER","47.0392","46.9362","270"
"X_MS3","Header, 3-Pin","TopLayer","HDR1X3-HEADER","49.5792","46.9362","270"
"X_MS2","Header, 3-Pin","TopLayer","HDR1X3-HEADER","52.1192","46.9362","270"
"X_MS1","Header, 3-Pin","TopLayer","HDR1X3-HEADER","54.6592","46.9362","270"
"U6","IC REG LINEAR 3.3V 600MA SOT25","TopLayer","SOT23-5","82.9758","33.5374","180"
"S2","SWITCH TACTILE SPST-NO 0.05A 12V","TopLayer","SW-PB_SMD_2pin","26.8500","13.5000","360"
"S1","SWITCH TACTILE SPST-NO 0.05A 12V","TopLayer","SW-PB_SMD_2pin","26.8500","25.5000","180"
"FB2","FERRITE BEAD 120 OHM 0603 1LN","TopLayer","INDC1608N","6.5824","10.1168","90"
"FB1","FERRITE BEAD 120 OHM 0603 1LN","TopLayer","INDC1608N","38.8492","53.8962","360"
"D15","DIODE SCHOTTKY 40V 2A SOD123F","TopLayer","DIOM2616X08N","115.0992","28.8962","270"
"C4","CAP CER 1UF 16V X7R 0603","TopLayer","Cap_1608-0603","123.5800","31.6560","360"
"C39","CAP CER 4.7UF 10V X7R 0603","TopLayer","Cap_1608-0603","79.7665","33.5374","270"
"C38","CAP CER 4.7UF 10V X7R 0603","TopLayer","Cap_1608-0603","86.1872","33.5374","270"
"C35","CAP CER 4.7UF 10V X7R 0603","TopLayer","Cap_1608-0603","38.8492","52.3962","180"
"U2","IC BUF NON-INVERT 5.5V SOT353","TopLayer","SOT353","123.5800","33.5962","360"
"U4","IC REG BUCK ADJ 4A 8SO","TopLayer","SOIC127P600X170_HS-9N","90.8500","26.3999","90"
"U5","TVS DIODE 5.25V 17V SOT23-6","TopLayer","SOT23-6N","9.2125","14.0999","0"
"USB_AUX","Header, 5-Pin","TopLayer","HDR1X5-HEADER","15.8000","12.0599","90"
"R20","RES SMD 1K OHM 1% 1/10W 0603","TopLayer","RES_1608-0603","112.8484","28.6428","270"
"ISP1","Header, 3-Pin, Dual row","TopLayer","HDR2X3","39.2292","61.2862","270"
"R19","RES SMD 54.9K OHM 1% 1/10W 0603","TopLayer","RES_1608-0603","92.3245","32.9661","270"
"R10","RES SMD 100K OHM 1% 1/10W 0603","TopLayer","RES_1608-0603","93.6000","21.5999","180"
"F3","PTC RESET FUSE 9V 200MA 0603","TopLayer","PTC_Fuse1608-0603","13.2000","6.7999","270"
"C34","CAP CER 0.1UF 50V X7R 0603","TopLayer","Cap_1608-0603","89.2765","32.9661","270"
"C17","CAP CER 4.7UF 50V X7R 1210","TopLayer","CAP_3225-1210","95.6992","25.1962","90"
"C10","CAP CER 0.1UF 50V X7R 0603","TopLayer","Cap_1608-0603","90.8005","32.9662","90"
"F2","FUSE HOLDER BLADE PCB","TopLayer","FUSEHOLDER_-_BK-6013_-_MINI_ATC_ATO_BLADE_15A","104.3000","16.0040","180"
"D14","DIODE GEN PURP 100V 1.5A SMA","TopLayer","DO-214AC","61.5000","13.0000","360"
"D13","DIODE GEN PURP 100V 1.5A SMA","TopLayer","DO-214AC","125.2500","20.2540","360"
"D12","DIODE GEN PURP 100V 1.5A SMA","TopLayer","DO-214AC","45.5000","13.0000","360"
"D11","DIODE GEN PURP 100V 1.5A SMA","TopLayer","DO-214AC","79.0000","11.6270","360"
"D10","DIODE GEN PURP 100V 1.5A SMA","TopLayer","DO-214AC","70.2500","11.6270","360"
"D9","DIODE GEN PURP 100V 1.5A SMA","TopLayer","DO-214AC","53.7500","13.0000","360"
"FAN1","TERM BLK 2POS SIDE ENT 3.5MM PCB","TopLayer","TERM2_3.5MM","78.8480","6.2052","180"
"R55","RES SMD 1K OHM 1% 1/10W 0603","TopLayer","RES_1608-0603","79.2010","27.6428","90"
"Q5","MOSFET N-CH 40V 56A LFPAK","TopLayer","LFPACK","78.9216","19.9333","180"
"LD7","LED GREEN CLEAR CHIP SMD 0603","TopLayer","LED_1608-0603","80.7790","27.6429","270"
"Z_MOT_A","Header, 4-Pin","TopLayer","HDR1X4","81.7645","65.8952","180"
"Y_MOT_A","Header, 4-Pin","TopLayer","HDR1X4","66.5400","65.8698","180"
"X_MOT_A","Header, 4-Pin","TopLayer","HDR1X4","51.3156","65.8698","180"
"R54","RES SMD 4.7K OHM 1% 1/10W 0603","TopLayer","RES_1608-0603","7.5264","23.7819","360"
"R53","RES SMD 1K OHM 1% 1/10W 0603","TopLayer","RES_1608-0603","71.3523","27.6428","90"
"R52","RES SMD 100K OHM 1% 1/10W 0603","TopLayer","RES_1608-0603","69.7014","27.6428","270"
"R51","RES SMD 22 OHM 1% 1/10W 0603","TopLayer","RES_1608-0603","68.0504","27.6428","270"
"R50","RES SMD 1K OHM 1% 1/10W 0603","TopLayer","RES_1608-0603","62.3858","27.6428","90"
"LD6","LED GREEN CLEAR CHIP SMD 0603","TopLayer","LED_1608-0603","72.9782","27.6429","270"
"LD5","LED GREEN CLEAR CHIP SMD 0603","TopLayer","LED_1608-0603","63.9895","27.6429","270"
"FAN0","TERM BLK 2POS SIDE ENT 3.5MM PCB","TopLayer","TERM2_3.5MM","70.3390","6.1544","180"
"HE2","TERM BLK 2POS SIDE ENT 3.5MM PCB","TopLayer","TERM2_3.5MM","62.0078","6.1544","180"
"E2_MOT_A","Header, 4-Pin","TopLayer","HDR1X4","127.4378","65.8190","180"
"E1_MOT_A","Header, 4-Pin","TopLayer","HDR1X4","112.2134","65.8444","180"
"E0_MOT_A","Header, 4-Pin","TopLayer","HDR1X4","96.9889","65.8698","180"
"C9","CAP CER 1UF 16V X7R 0603","TopLayer","Cap_1608-0603","7.5264","22.2580","180"
"HE1","TERM BLK 2POS SIDE ENT 3.5MM PCB","TopLayer","TERM2_3.5MM","53.6258","6.1290","180"
"R9","RES SMD 22 OHM 1% 1/10W 0603","TopLayer","RES_1608-0603","27.8085","9.0901","360"
"R2","RES SMD 2.2K OHM 1% 1/10W 0603","TopLayer","RES_1608-0603","24.5065","7.5661","180"
"PWR","Header, 2-Pin","TopLayer","HDR1X2","39.3484","3.5128","90"
"5V","Header, 2-Pin","TopLayer","HDR1X2","39.3484","18.7528","90"
"PS_ON","Header, 2-Pin","TopLayer","HDR1X2","20.2608","65.9039","360"
"C29","CAP CER 1UF 16V X7R 0603","TopLayer","Cap_1608-0603","7.5264","34.4500","180"
"C1","CAP ALUM 100UF 20% 35V SMD","TopLayer","CAP_EL_PANASONIC","97.1992","32.0464","180"
"C2","CAP CER 4.7UF 10V X7R 0603","TopLayer","Cap_1608-0603","109.6844","28.6427","270"
"C3","CAP CER 0.1UF 50V X7R 0603","TopLayer","CAP_1608-0603","20.0000","13.5750","360"
"C5","CAP CER 4.7UF 10V X7R 0603","TopLayer","CAP_1608-0603","15.1492","42.4962","360"
"C6","CAP CER 4.7UF 10V X7R 0603","TopLayer","CAP_1608-0603","21.6992","58.7462","270"
"C7","CAP CER 10UF 6.3V X7R 0805","TopLayer","CAPC2012X135N","38.8992","42.2732","180"
"C8","CAP CER 0.1UF 50V X7R 0603","TopLayer","CAP_1608-0603","32.4992","62.3000","90"
"C11","CAP CER 0.1UF 50V X7R 0603","TopLayer","CAP_1608-0603","13.2000","14.1999","90"
"C12","CAP CER 4.7UF 10V X7R 0603","TopLayer","CAP_1608-0603","15.1492","40.7962","360"
"C13","CAP CER 0.1UF 50V X7R 0603","TopLayer","CAP_1608-0603","38.8492","44.0232","180"
"C14","CAP CER 0.1UF 50V X7R 0603","TopLayer","CAP_1608-0603","35.3015","37.7921","360"
"C15","CAP CER 0.1UF 50V X7R 0603","TopLayer","CAP_1608-0603","19.9992","58.7462","270"
"C16","CAP CER 0.1UF 50V X7R 0603","TopLayer","CAP_1608-0603","38.8492","49.3962","180"
"C19","CAP CER 0.1UF 50V X7R 0603","TopLayer","CAP_1608-0603","32.4992","58.7462","270"
"C20","CAP CER 0.1UF 50V X7R 0603","TopLayer","CAP_1608-0603","38.8492","50.8962","180"
"C21","CAP ALUM 100UF 20% 35V SMD","TopLayer","CAP_EL_PANASONIC","52.2736","58.8098","360"
"C26","CAP CER 1UF 16V X7R 0603","TopLayer","Cap_1608-0603","7.5264","25.3060","180"
"C27","CAP CER 1UF 16V X7R 0603","TopLayer","Cap_1608-0603","7.5264","28.3540","180"
"C28","CAP CER 1UF 16V X7R 0603","TopLayer","Cap_1608-0603","7.5264","31.4020","180"
"D4","DIODE SCHOTTKY 40V 2A SOD123F","TopLayer","DIOM2616X08N","10.9992","5.7962","90"
"D5","DIODE SCHOTTKY 40V 2A SOD123F","TopLayer","DIOM2616X08N","106.6958","28.6537","180"
"HB-OUT","TERM BLK 2POS SIDE ENTRY 5MM PCB","TopLayer","TERM2_5MM","122.1162","6.0782","360"
"HE0","TERM BLK 2POS SIDE ENT 3.5MM PCB","TopLayer","TERM2_3.5MM","45.2438","6.2052","180"
"E0_MOT","TERM BLK 4POS SIDE ENT 3.5MM PCB","TopLayer","TERM4_3.5MM","97.0281","71.2439","360"
"E1_MOT","TERM BLK 4POS SIDE ENT 3.5MM PCB","TopLayer","TERM4_3.5MM","112.2606","71.2439","360"
"U1","IC MCU 32BIT 512KB FLASH 100LQFP","TopLayer","STM-LQFP100_N","26.9992","46.8962","180"
"EXP1","Header, 5-Pin, Dual row","TopLayer","HDR2X5_EXP_INER_ONLY\","16.4508","71.1739","180"
"LED1","LED YELLOW CLEAR CHIP SMD 0603","TopLayer","LED_1608-0603","16.7595","58.7462","270"
"LD2","LED GREEN CLEAR CHIP SMD 0603","TopLayer","LED_1608-0603","125.8708","37.0250","270"
"LD3","LED GREEN CLEAR CHIP SMD 0603","TopLayer","LED_1608-0603","47.7000","27.6429","270"
"LD4","LED GREEN CLEAR CHIP SMD 0603","TopLayer","LED_1608-0603","55.7000","27.6429","270"
"LD1","LED GREEN CLEAR CHIP SMD 0603","TopLayer","LED_1608-0603","11.5000","10.0499","270"
"Q1","MOSFET N-CH 40V 56A LFPAK","TopLayer","LFPACK","45.2693","19.9333","180"
"Q2","MOSFET N-CH 40V 56A LFPAK","TopLayer","LFPACK","53.6740","19.8703","180"
"R1","RES SMD 22 OHM 1% 1/10W 0603","TopLayer","RES_1608-0603","24.5064","9.0901","180"
"R3","RES SMD 2.2K OHM 1% 1/10W 0603","TopLayer","RES_1608-0603","27.8085","7.5661","360"
"R4","RES SMD 1K OHM 1% 1/10W 0603","TopLayer","RES_1608-0603","13.2000","9.9999","90"
"R5","RES SMD 54.9K OHM 1% 1/10W 0603","TopLayer","RES_1608-0603","111.2484","28.6428","270"
"R7","RES SMD 22 OHM 1% 1/10W 0603","TopLayer","RES_1608-0603","20.0000","17.2000","180"
"R8","RES SMD 22 OHM 1% 1/10W 0603","TopLayer","RES_1608-0603","19.9992","15.4000","180"
"R11","RES SMD 10K OHM 1% 1/10W 0603","TopLayer","RES_1608-0603","34.0315","62.3000","90"
"R12","RES SMD 10K OHM 1% 1/10W 0603","TopLayer","RES_1608-0603","19.9992","11.8000","180"
"R13","RES SMD 1K OHM 1% 1/10W 0603","TopLayer","RES_1608-0603","18.4105","58.7462","270"
"R14","RES SMD 10K OHM 1% 1/10W 0603","TopLayer","RES_1608-0603","34.0314","58.7471","90"
"R21","RES SMD 10K OHM 1% 1/10W 0603","TopLayer","RES_1608-0603","47.5000","60.9999","90"
"R22","RES SMD 100K OHM 1% 1/10W 0603","TopLayer","RES_1608-0603","47.5000","57.4999","270"
"R33","RES SMD 1K OHM 1% 1/10W 0603","TopLayer","RES_1608-0603","124.3972","37.0000","90"
"R34","RES SMD 22 OHM 1% 1/10W 0603","TopLayer","RES_1608-0603","42.7512","27.6428","270"
"R35","RES SMD 100K OHM 1% 1/10W 0603","TopLayer","RES_1608-0603","44.4022","27.6428","270"
"R36","RES SMD 1K OHM 1% 1/10W 0603","TopLayer","RES_1608-0603","46.0531","27.6428","90"
"R37","RES SMD 22 OHM 1% 1/10W 0603","TopLayer","RES_1608-0603","50.7271","27.6428","270"
"R38","RES SMD 100K OHM 1% 1/10W 0603","TopLayer","RES_1608-0603","52.3781","27.6428","270"
"R39","RES SMD 1K OHM 1% 1/10W 0603","TopLayer","RES_1608-0603","54.0290","27.6428","90"
"R40","RES SMD 4.7K OHM 1% 1/10W 0603","TopLayer","RES_1608-0603","7.5264","26.8300","360"
"R41","RES SMD 4.7K OHM 1% 1/10W 0603","TopLayer","RES_1608-0603","7.5264","29.8780","360"
"R42","RES SMD 4.7K OHM 1% 1/10W 0603","TopLayer","RES_1608-0603","7.5264","32.9260","360"
"Thermistors","Header, 5-Pin, Dual row","TopLayer","HDR2X5","2.8020","29.1160","270"
"Z+","Header, 3-Pin","TopLayer","HDR1X3-HEADER","4.0716","52.7379","180"
"Z-","Header, 3-Pin","TopLayer","HDR1X3-HEADER","4.0716","55.2780","180"
"X_MOT","TERM BLK 4POS SIDE ENT 3.5MM PCB","TopLayer","TERM4_3.5MM","51.3308","71.2439","360"
"Y+","Header, 3-Pin","TopLayer","HDR1X3-HEADER","4.0716","57.8180","180"
"Y-","Header, 3-Pin","TopLayer","HDR1X3-HEADER","4.0716","60.3580","180"
"Y_MOT","TERM BLK 4POS SIDE ENT 3.5MM PCB","TopLayer","TERM4_3.5MM","66.5632","71.2439","360"
"X+","Header, 3-Pin","TopLayer","HDR1X3-HEADER","4.0716","62.8980","180"
"X-","Header, 3-Pin","TopLayer","HDR1X3-HEADER","4.0716","65.4380","180"
"Z_MOT","TERM BLK 4POS SIDE ENT 3.5MM PCB","TopLayer","TERM4_3.5MM","81.7957","71.2439","360"
"R43","RES SMD 4.7K OHM 1% 1/10W 0603","TopLayer","RES_1608-0603","7.5264","35.9740","360"
"EXP2","Header, 5-Pin, Dual row","TopLayer","HDR2X5_EXP_INER_ONLY\","34.6626","71.1739","180"
"R32","RES SMD 100K OHM 1% 1/10W 0603","TopLayer","RES_1608-0603","122.9236","37.0000","270"
"E2_MOT","TERM BLK 4POS SIDE ENT 3.5MM PCB","TopLayer","TERM4_3.5MM","127.4930","71.2439","360"
"Q4","MOSFET N-CH 40V 56A LFPAK","TopLayer","LFPACK","70.3371","19.9333","180"
"Q3","MOSFET N-CH 40V 56A LFPAK","TopLayer","LFPACK","61.8541","19.9333","180"
"R46","RES SMD 22 OHM 1% 1/10W 0603","TopLayer","RES_1608-0603","76.2292","27.6428","270"
"R47","RES SMD 100K OHM 1% 1/10W 0603","TopLayer","RES_1608-0603","77.7024","27.6428","270"
"R48","RES SMD 22 OHM 1% 1/10W 0603","TopLayer","RES_1608-0603","59.0840","27.6428","270"
"R49","RES SMD 100K OHM 1% 1/10W 0603","TopLayer","RES_1608-0603","60.7349","27.6428","270"
"D6","DIODE GEN PURP 100V 1.5A SMA","TopLayer","DO-214AC","100.1072","22.8962","270"
"F1","FUSE HOLDER BLADE PCB","TopLayer","FUSEHOLDER_-_BK-6013_-_MINI_ATC_ATO_BLADE_15A","122.0800","16.0040","360"
"J2","CONN RCPT USB2.0 MICRO B SMD R/A","TopLayer","Micro-USB_B_Molex_105017-0001","3.1750","14.0999","270"
"EXP3","Header, 7-Pin, Dual row","TopLayer","HDR2X7","27.4792","3.5128","180"
"C32","CAP ALUM 100UF 20% 35V SMD","TopLayer","CAP_EL_PANASONIC","89.6448","5.5702","90"
"C33","CAP CER 0.1UF 50V X7R 0603","TopLayer","Cap_1608-0603","89.6000","21.5999","180"
"D8","DIODE SCHOTTKY 40V 4A DO214AA","TopLayer","DO-214AA","90.8000","18.3999","180"
"L2","FIXED IND 4.7UH 4.5A 26 MOHM SMD","TopLayer","SRN6045TA_SMD_Inductor","89.3575","13.0000","90"
"R56","RES SMD 140K OHM 1% 1/10W 0603","TopLayer","RES_1608-0603","86.8000","24.6999","90"
"R57","RES SMD 10K OHM 1% 1/10W 0603","TopLayer","RES_1608-0603","86.8000","28.3999","270"
"VFA0_sel","Header, 3-Pin","TopLayer","HDR1X3-HEADER","74.6798","17.5844","90"
"VFA1_sel","Header, 3-Pin","TopLayer","HDR1X3-HEADER","83.3158","17.6352","90"
"VHE2_sel","Header, 3-Pin","TopLayer","HDR1X3-HEADER","66.1708","17.5844","90"
"12V","Header, 2-Pin","TopLayer","HDR1X2","39.3484","11.1328","90"
"FAN0_1","Header, 2-Pin","TopLayer","HDR1X2","70.4674","14.4884","180"
"FAN1_1","Header, 2-Pin","TopLayer","HDR1X2","79.1036","14.4880","180"
"ENC_1","Header, 4-Pin","TopLayer","HDR1X4","5.3420","47.7850","180"
"ENC_2","Header, 4-Pin","TopLayer","HDR1X4","5.3420","45.2450","180"
"ENC_3","Header, 4-Pin","TopLayer","HDR1X4","5.3420","42.7049","180"
"ENC_4","Header, 4-Pin","TopLayer","HDR1X4","5.3420","40.1650","180"
"MAIN-PWR","TERM BLK 2POS SIDE ENTRY 5MM PCB","TopLayer","TERM2_5MM","102.1010","6.0782","360"
"HB-PWR","TERM BLK 2POS SIDE ENTRY 5MM PCB","TopLayer","TERM2_5MM","112.0832","6.0782","360"
"LD10","LED GREEN CLEAR CHIP SMD 0603","TopLayer","LED_1608-0603","34.0144","9.8628","180"
"R59","RES SMD 4.7K OHM 1% 1/10W 0603","TopLayer","RES_1608-0603","34.0144","11.6408","180"
"D7","DIODE GEN PURP 100V 1.5A SMA","TopLayer","DO-214AC","131.7070","16.8999","270"
