Altium Designer Pick and Place Locations
G:\Git\RUMBA32\Source\Project Outputs for RUMBA32\Pick Place for RUMBA32.csv

========================================================================================================================
File Design Information:

Date:       28/12/18
Time:       23:22
Revision:   fbf6e47cd55e36ae8905fcaa24cbb964d9264c25
Variant:    No variations
Units used: mm

"Designator","Comment","Layer","Footprint","Center-X(mm)","Center-Y(mm)","Rotation","Description"
"C37","4.7uF 10% 50V X7R 1210","TopLayer","CAP_3225-1210","102.5992","32.1723","270","Capacitor (SMD Ceramic)"
"LD8","Green 0603","TopLayer","LED_1608-0603","112.8484","32.0978","90","LED (SMD)"
"C18","100nF 10% 50V X7R 0603","TopLayer","CAP_1608-0603","109.6840","32.0973","90","Capacitor (SMD Ceramic)"
"D2","Schottky 4A 40V DO-214AA","TopLayer","DO-214AA","118.5992","31.8079","90","Diode (SMD)"
"D3","Schottky 2A 40V SOD-123F","TopLayer","DIOM2616X08N","115.0992","33.6118","270","Diode (SMD)"
"U3","AOZ1282CI","TopLayer","SOT23-6N","106.6360","32.0848","270","Buck Regulator IC"
"R6","10K 5% .1W 0603","TopLayer","RES_1608-0603","111.2484","32.0978","90","Resistor (SMD)"
"R31","22R 5% .1W 0603","TopLayer","RES_1608-0603","121.4500","37.0000","270","Resistor (SMD)"
"S3","Momentary Tactile Button","TopLayer","SW-PB_SMD_2pin","26.8500","19.5000","180","Button (SMD)"
"Q6","SiSS10DN","TopLayer","PowerPAK_1218-8_Single","127.3501","27.9999","270","N-CH MOSFET 40V 60A"
"L1","33uH 2.5A","TopLayer","SRN6045TA_SMD_Inductor","105.6860","23.0649","90","Inductor (SMD)"
"C36","4.7uF 10% 50V X7R 1210","TopLayer","CAP_3225-1210","94.5645","13.7891","270","Capacitor (SMD Ceramic)"
"R44","100K 5% .1W 0603","TopLayer","RES_1608-0603","123.7916","57.4999","270","Resistor (SMD)"
"R45","10K 5% .1W 0603","TopLayer","RES_1608-0603","123.7916","60.9999","90","Resistor (SMD)"
"C30","100uF 35V 6.3mm","TopLayer","CAP_EL_PANASONIC","128.5652","58.8098","360","Capacitor (SMD Polarised Electrolytic)"
"E2_MS1","Header 3","TopLayer","HDR1X3-HEADER","130.9508","46.9361","270","Header, 3-Pin"
"E2_MS2","Header 3","TopLayer","HDR1X3-HEADER","128.4108","46.9361","270","Header, 3-Pin"
"E2_MS3","Header 3","TopLayer","HDR1X3-HEADER","125.8708","46.9361","270","Header, 3-Pin"
"E2_SLP","Header 3","TopLayer","HDR1X3-HEADER","123.3308","46.9361","270","Header, 3-Pin"
"R30","100K 5% .1W 0603","TopLayer","RES_1608-0603","108.5333","57.4999","270","Resistor (SMD)"
"R29","10K 5% .1W 0603","TopLayer","RES_1608-0603","108.5333","60.9999","90","Resistor (SMD)"
"C25","100uF 35V 6.3mm","TopLayer","CAP_EL_PANASONIC","113.3069","58.8098","360","Capacitor (SMD Polarised Electrolytic)"
"E1_MS1","Header 3","TopLayer","HDR1X3-HEADER","115.6925","46.9361","270","Header, 3-Pin"
"E1_MS2","Header 3","TopLayer","HDR1X3-HEADER","113.1525","46.9361","270","Header, 3-Pin"
"E1_MS3","Header 3","TopLayer","HDR1X3-HEADER","110.6125","46.9361","270","Header, 3-Pin"
"E1_SLP","Header 3","TopLayer","HDR1X3-HEADER","108.0725","46.9361","270","Header, 3-Pin"
"R28","100K 5% .1W 0603","TopLayer","RES_1608-0603","93.2750","57.4999","270","Resistor (SMD)"
"R27","10K 5% .1W 0603","TopLayer","RES_1608-0603","93.2750","60.9999","90","Resistor (SMD)"
"C24","100uF 35V 6.3mm","TopLayer","CAP_EL_PANASONIC","98.0485","58.8098","360","Capacitor (SMD Polarised Electrolytic)"
"E0_MS1","Header 3","TopLayer","HDR1X3-HEADER","100.4341","46.9361","270","Header, 3-Pin"
"E0_MS2","Header 3","TopLayer","HDR1X3-HEADER","97.8941","46.9361","270","Header, 3-Pin"
"E0_MS3","Header 3","TopLayer","HDR1X3-HEADER","95.3541","46.9361","270","Header, 3-Pin"
"E0_SLP","Header 3","TopLayer","HDR1X3-HEADER","92.8141","46.9361","270","Header, 3-Pin"
"R26","100K 5% .1W 0603","TopLayer","RES_1608-0603","78.0166","57.4999","270","Resistor (SMD)"
"R25","10K 5% .1W 0603","TopLayer","RES_1608-0603","78.0166","60.9999","90","Resistor (SMD)"
"C23","100uF 35V 6.3mm","TopLayer","CAP_EL_PANASONIC","82.7902","58.8098","360","Capacitor (SMD Polarised Electrolytic)"
"Z_MS1","Header 3","TopLayer","HDR1X3-HEADER","85.1758","46.9362","270","Header, 3-Pin"
"Z_MS2","Header 3","TopLayer","HDR1X3-HEADER","82.6358","46.9362","270","Header, 3-Pin"
"Z_MS3","Header 3","TopLayer","HDR1X3-HEADER","80.0958","46.9362","270","Header, 3-Pin"
"Z_SLP","Header 3","TopLayer","HDR1X3-HEADER","77.5558","46.9362","270","Header, 3-Pin"
"R24","100K 5% .1W 0603","TopLayer","RES_1608-0603","62.7583","57.4999","270","Resistor (SMD)"
"R23","10K 5% .1W 0603","TopLayer","RES_1608-0603","62.7583","60.9999","90","Resistor (SMD)"
"C22","100uF 35V 6.3mm","TopLayer","CAP_EL_PANASONIC","67.5319","58.8098","360","Capacitor (SMD Polarised Electrolytic)"
"Y_MS1","Header 3","TopLayer","HDR1X3-HEADER","69.9175","46.9362","270","Header, 3-Pin"
"Y_MS2","Header 3","TopLayer","HDR1X3-HEADER","67.3775","46.9362","270","Header, 3-Pin"
"Y_MS3","Header 3","TopLayer","HDR1X3-HEADER","64.8375","46.9362","270","Header, 3-Pin"
"Y_SLP","Header 3","TopLayer","HDR1X3-HEADER","62.2975","46.9362","270","Header, 3-Pin"
"C31","100uF 35V 6.3mm","TopLayer","CAP_EL_PANASONIC","113.7577","23.0454","90","Capacitor (SMD Polarised Electrolytic)"
"R15","1K 5% .1W 0603","TopLayer","RES_1608-0603","34.0144","26.8808","180","Resistor (SMD)"
"LD11","Green 0603","TopLayer","LED_1608-0603","34.0144","25.1028","180","LED (SMD)"
"R58","1K 5% .1W 0603","TopLayer","RES_1608-0603","34.0144","19.2608","180","Resistor (SMD)"
"LD9","Green 0603","TopLayer","LED_1608-0603","34.0144","17.4828","180","LED (SMD)"
"3V3","Header 2","TopLayer","HDR1X2","39.3484","26.3728","90","Header, 2-Pin"
"XT1","12MHz 33pF 0.5%","TopLayer","CERALOCK_CSTCE_G","38.4992","46.6462","270","Ceramic Resonator"
"X_SLP","Header 3","TopLayer","HDR1X3-HEADER","47.0392","46.9362","270","Header, 3-Pin"
"X_MS3","Header 3","TopLayer","HDR1X3-HEADER","49.5792","46.9362","270","Header, 3-Pin"
"X_MS2","Header 3","TopLayer","HDR1X3-HEADER","52.1192","46.9362","270","Header, 3-Pin"
"X_MS1","Header 3","TopLayer","HDR1X3-HEADER","54.6592","46.9362","270","Header, 3-Pin"
"U6","AP2112K-3.3TRG1","TopLayer","SOT23-5","82.9758","33.5374","180","3.3V LDO Regulator"
"S2","Momentary Tactile Button","TopLayer","SW-PB_SMD_2pin","26.8500","13.5000","360","Button (SMD)"
"S1","Momentary Tactile Button","TopLayer","SW-PB_SMD_2pin","26.8500","25.5000","180","Button (SMD)"
"FB2","120R @ 100MHz 2A 0603","TopLayer","INDC1608N","6.5824","10.1168","90","Ferrite Bead (SMD)"
"FB1","120R @ 100MHz 2A 0603","TopLayer","INDC1608N","38.8492","53.8962","360","Ferrite Bead (SMD)"
"D15","Schottky 2A 40V SOD-123F","TopLayer","DIOM2616X08N","115.0992","28.8962","270","Diode (SMD)"
"C4","1uF 10% 50V X7R 0603","TopLayer","Cap_1608-0603","123.5800","31.6560","360","Capacitor (SMD Ceramic)"
"C39","4.7uF 10% 10V X7R 0603","TopLayer","Cap_1608-0603","79.7665","33.5374","270","Capacitor (SMD Ceramic)"
"C38","4.7uF 10% 10V X7R 0603","TopLayer","Cap_1608-0603","86.1872","33.5374","270","Capacitor (SMD Ceramic)"
"C35","4.7uF 10% 10V X7R 0603","TopLayer","Cap_1608-0603","38.8492","52.3962","180","Capacitor (SMD Ceramic)"
"U2","74LVC1G17SE-7","TopLayer","SOT353","123.5800","33.5962","360","Buffer Non-Inverting Schmitt Trigger"
"U4","AOZ1284","TopLayer","SOIC127P600X170_HS-9N","90.8500","26.3999","90",""
"U5","USBLC6-4SC6","TopLayer","SOT23-6N","9.2125","14.0999","0","ESD Protection IC"
"USB_AUX","Header 5","TopLayer","HDR1X5-HEADER","15.8000","12.0599","90","Header, 5-Pin"
"R20","1K 5% .1W 0603","TopLayer","RES_1608-0603","112.8484","28.6428","270","Resistor (SMD)"
"ISP1","Header 3X2","TopLayer","HDR2X3","39.2292","61.2862","270","Header, 3-Pin, Dual row"
"R19","54K9 1% .1W 0603","TopLayer","RES_1608-0603","92.3245","32.9661","270","Resistor (SMD)"
"R10","100K 5% .1W 0603","TopLayer","RES_1608-0603","93.6000","21.5999","180","Resistor (SMD)"
"F3","15V 200mA 0603","TopLayer","PTC_Fuse1608-0603","13.2000","6.7999","270","PTC Fuse (SMD)"
"C34","100nF 10% 50V X7R 0603","TopLayer","Cap_1608-0603","89.2765","32.9661","270","Capacitor (SMD Ceramic)"
"C17","4.7uF 10% 50V X7R 1210","TopLayer","CAP_3225-1210","95.6992","25.1962","90","Capacitor (SMD Ceramic)"
"C10","100nF 10% 50V X7R 0603","TopLayer","Cap_1608-0603","90.8005","32.9662","90","Capacitor (SMD Ceramic)"
"F2","Mini ATC ATO Blade Fuseholder","TopLayer","FUSEHOLDER_-_BK-6013_-_MINI_ATC_ATO_BLADE_15A","104.3000","16.0040","180","Fuseholder"
"D14","General 1.5A 100V SMA","TopLayer","DO-214AC","61.5000","13.0000","360","Diode (SMD)"
"D13","General 1.5A 100V SMA","TopLayer","DO-214AC","125.2500","20.2540","360","Diode (SMD)"
"D12","General 1.5A 100V SMA","TopLayer","DO-214AC","45.5000","13.0000","360","Diode (SMD)"
"D11","General 1.5A 100V SMA","TopLayer","DO-214AC","79.0000","11.6270","360","Diode (SMD)"
"D10","General 1.5A 100V SMA","TopLayer","DO-214AC","70.2500","11.6270","360","Diode (SMD)"
"D9","General 1.5A 100V SMA","TopLayer","DO-214AC","53.7500","13.0000","360","Diode (SMD)"
"FAN1","3.5mm 2-Way","TopLayer","TERM2_3.5MM","78.8480","6.2052","180","Screw Terminal"
"R55","1K 5% .1W 0603","TopLayer","RES_1608-0603","79.2010","27.6428","90","Resistor (SMD)"
"Q5","BUK9Y14-40B","TopLayer","LFPACK","78.9216","19.9333","180","N-Ch MOSFET 40V 56A LFPAK"
"LD7","Green 0603","TopLayer","LED_1608-0603","80.7790","27.6429","270","LED (SMD)"
"Z_MOT_A","Header 4","TopLayer","HDR1X4","81.7645","65.8952","180","Header, 4-Pin"
"Y_MOT_A","Header 4","TopLayer","HDR1X4","66.5400","65.8698","180","Header, 4-Pin"
"X_MOT_A","Header 4","TopLayer","HDR1X4","51.3156","65.8698","180","Header, 4-Pin"
"R54","4K7 1% .1W 0603","TopLayer","RES_1608-0603","7.5264","23.7819","360","Resistor (SMD)"
"R53","1K 5% .1W 0603","TopLayer","RES_1608-0603","71.3523","27.6428","90","Resistor (SMD)"
"R52","100K 5% .1W 0603","TopLayer","RES_1608-0603","69.7014","27.6428","270","Resistor (SMD)"
"R51","22R 5% .1W 0603","TopLayer","RES_1608-0603","68.0504","27.6428","270","Resistor (SMD)"
"R50","1K 5% .1W 0603","TopLayer","RES_1608-0603","62.3858","27.6428","90","Resistor (SMD)"
"LD6","Green 0603","TopLayer","LED_1608-0603","72.9782","27.6429","270","LED (SMD)"
"LD5","Green 0603","TopLayer","LED_1608-0603","63.9895","27.6429","270","LED (SMD)"
"FAN0","3.5mm 2-Way","TopLayer","TERM2_3.5MM","70.3390","6.1544","180","Screw Terminal"
"HE2","3.5mm 2-Way","TopLayer","TERM2_3.5MM","62.0078","6.1544","180","Screw Terminal"
"E2_MOT_A","Header 4","TopLayer","HDR1X4","127.4378","65.8190","180","Header, 4-Pin"
"E1_MOT_A","Header 4","TopLayer","HDR1X4","112.2134","65.8444","180","Header, 4-Pin"
"E0_MOT_A","Header 4","TopLayer","HDR1X4","96.9889","65.8698","180","Header, 4-Pin"
"C9","1uF 10% 50V X7R 0603","TopLayer","Cap_1608-0603","7.5264","22.2580","180","Capacitor (SMD Ceramic)"
"HE1","3.5mm 2-Way","TopLayer","TERM2_3.5MM","53.6258","6.1290","180","Screw Terminal"
"R9","22R 5% .1W 0603","TopLayer","RES_1608-0603","27.8085","9.0901","360","Resistor (SMD)"
"R2","2K2 5% .1W 0603","TopLayer","RES_1608-0603","24.5065","7.5661","180","Resistor (SMD)"
"PWR","Header 2","TopLayer","HDR1X2","39.3484","3.5128","90","Header, 2-Pin"
"5V","Header 2","TopLayer","HDR1X2","39.3484","18.7528","90","Header, 2-Pin"
"PS_ON","Header 2","TopLayer","HDR1X2","20.2608","65.9039","360","Header, 2-Pin"
"C29","1uF 10% 50V X7R 0603","TopLayer","Cap_1608-0603","7.5264","34.4500","180","Capacitor (SMD Ceramic)"
"C1","100uF 35V 6.3mm","TopLayer","CAP_EL_PANASONIC","97.1992","32.0464","180","Capacitor (SMD Polarised Electrolytic)"
"C2","4.7uF 10% 10V X7R 0603","TopLayer","Cap_1608-0603","109.6844","28.6427","270","Capacitor (SMD Ceramic)"
"C3","100nF 10% 50V X7R 0603","TopLayer","CAP_1608-0603","20.0000","13.5750","360","Capacitor (SMD Ceramic)"
"C5","4.7uF 10% 10V X7R 0603","TopLayer","CAP_1608-0603","15.1492","42.4962","360","Capacitor (SMD Ceramic)"
"C6","4.7uF 10% 10V X7R 0603","TopLayer","CAP_1608-0603","21.6992","58.7462","270","Capacitor (SMD Ceramic)"
"C7","10uF 10% 6.3V X7R 0805","TopLayer","CAPC2012X135N","38.8992","42.2732","180","Capacitor (SMD Ceramic)"
"C8","100nF 10% 50V X7R 0603","TopLayer","CAP_1608-0603","32.4992","62.3000","90","Capacitor (SMD Ceramic)"
"C11","100nF 10% 50V X7R 0603","TopLayer","CAP_1608-0603","13.2000","14.1999","90","Capacitor (SMD Ceramic)"
"C12","4.7uF 10% 10V X7R 0603","TopLayer","CAP_1608-0603","15.1492","40.7962","360","Capacitor (SMD Ceramic)"
"C13","100nF 10% 50V X7R 0603","TopLayer","CAP_1608-0603","38.8492","44.0232","180","Capacitor (SMD Ceramic)"
"C14","100nF 10% 50V X7R 0603","TopLayer","CAP_1608-0603","35.3015","37.7921","360","Capacitor (SMD Ceramic)"
"C15","100nF 10% 50V X7R 0603","TopLayer","CAP_1608-0603","19.9992","58.7462","270","Capacitor (SMD Ceramic)"
"C16","100nF 10% 50V X7R 0603","TopLayer","CAP_1608-0603","38.8492","49.3962","180","Capacitor (SMD Ceramic)"
"C19","100nF 10% 50V X7R 0603","TopLayer","CAP_1608-0603","32.4992","58.7462","270","Capacitor (SMD Ceramic)"
"C20","100nF 10% 50V X7R 0603","TopLayer","CAP_1608-0603","38.8492","50.8962","180","Capacitor (SMD Ceramic)"
"C21","100uF 35V 6.3mm","TopLayer","CAP_EL_PANASONIC","52.2736","58.8098","360","Capacitor (SMD Polarised Electrolytic)"
"C26","1uF 10% 50V X7R 0603","TopLayer","Cap_1608-0603","7.5264","25.3060","180","Capacitor (SMD Ceramic)"
"C27","1uF 10% 50V X7R 0603","TopLayer","Cap_1608-0603","7.5264","28.3540","180","Capacitor (SMD Ceramic)"
"C28","1uF 10% 50V X7R 0603","TopLayer","Cap_1608-0603","7.5264","31.4020","180","Capacitor (SMD Ceramic)"
"D4","Schottky 2A 40V SOD-123F","TopLayer","DIOM2616X08N","10.9992","5.7962","90","Diode (SMD)"
"D5","Schottky 2A 40V SOD-123F","TopLayer","DIOM2616X08N","106.6958","28.6537","180","Diode (SMD)"
"HB-OUT","5mm 2-Way","TopLayer","TERM2_5MM","122.1162","6.0782","360","Screw Terminal"
"HE0","3.5mm 2-Way","TopLayer","TERM2_3.5MM","45.2438","6.2052","180","Screw Terminal"
"E0_MOT","3.5mm 4-Way","TopLayer","TERM4_3.5MM","97.0281","71.2439","360","Screw Terminal"
"E1_MOT","3.5mm 4-Way","TopLayer","TERM4_3.5MM","112.2606","71.2439","360","Screw Terminal"
"U1","STM32F446VET6","TopLayer","STM-LQFP100_N","26.9992","46.8962","180","ARM Cortex-M4 32-bit MCU+FPU, 210 DMIPS, 512 kB Flash, 128 kB Internal RAM, 81 I/Os, 100-pin LQFP, -40 to 105 degC, Tray"
"EXP1","Header 5X2","TopLayer","HDR2X5_EXP_INER_ONLY\","16.4508","71.1739","180","Header, 5-Pin, Dual row"
"LED1","Yellow 0603","TopLayer","LED_1608-0603","16.7595","58.7462","270","LED (SMD)"
"LD2","Green 0603","TopLayer","LED_1608-0603","125.8708","37.0250","270","LED (SMD)"
"LD3","Green 0603","TopLayer","LED_1608-0603","47.7000","27.6429","270","LED (SMD)"
"LD4","Green 0603","TopLayer","LED_1608-0603","55.7000","27.6429","270","LED (SMD)"
"LD1","Green 0603","TopLayer","LED_1608-0603","11.5000","10.0499","270","LED (SMD)"
"Q1","BUK9Y14-40B","TopLayer","LFPACK","45.2693","19.9333","180","N-Ch MOSFET 40V 56A LFPAK"
"Q2","BUK9Y14-40B","TopLayer","LFPACK","53.6740","19.8703","180","N-Ch MOSFET 40V 56A LFPAK"
"R1","22R 5% .1W 0603","TopLayer","RES_1608-0603","24.5064","9.0901","180","Resistor (SMD)"
"R3","2K2 5% .1W 0603","TopLayer","RES_1608-0603","27.8085","7.5661","360","Resistor (SMD)"
"R4","1K 5% .1W 0603","TopLayer","RES_1608-0603","13.2000","9.9999","90","Resistor (SMD)"
"R5","54K9 1% .1W 0603","TopLayer","RES_1608-0603","111.2484","28.6428","270","Resistor (SMD)"
"R7","22R 5% .1W 0603","TopLayer","RES_1608-0603","20.0000","17.2000","180","Resistor (SMD)"
"R8","22R 5% .1W 0603","TopLayer","RES_1608-0603","19.9992","15.4000","180","Resistor (SMD)"
"R11","10K 5% .1W 0603","TopLayer","RES_1608-0603","34.0315","62.3000","90","Resistor (SMD)"
"R12","10K 5% .1W 0603","TopLayer","RES_1608-0603","19.9992","11.8000","180","Resistor (SMD)"
"R13","1K 5% .1W 0603","TopLayer","RES_1608-0603","18.4105","58.7462","270","Resistor (SMD)"
"R14","10K 5% .1W 0603","TopLayer","RES_1608-0603","34.0314","58.7471","90","Resistor (SMD)"
"R21","10K 5% .1W 0603","TopLayer","RES_1608-0603","47.5000","60.9999","90","Resistor (SMD)"
"R22","100K 5% .1W 0603","TopLayer","RES_1608-0603","47.5000","57.4999","270","Resistor (SMD)"
"R33","1K 5% .1W 0603","TopLayer","RES_1608-0603","124.3972","37.0000","90","Resistor (SMD)"
"R34","22R 5% .1W 0603","TopLayer","RES_1608-0603","42.7512","27.6428","270","Resistor (SMD)"
"R35","100K 5% .1W 0603","TopLayer","RES_1608-0603","44.4022","27.6428","270","Resistor (SMD)"
"R36","1K 5% .1W 0603","TopLayer","RES_1608-0603","46.0531","27.6428","90","Resistor (SMD)"
"R37","22R 5% .1W 0603","TopLayer","RES_1608-0603","50.7271","27.6428","270","Resistor (SMD)"
"R38","100K 5% .1W 0603","TopLayer","RES_1608-0603","52.3781","27.6428","270","Resistor (SMD)"
"R39","1K 5% .1W 0603","TopLayer","RES_1608-0603","54.0290","27.6428","90","Resistor (SMD)"
"R40","4K7 1% .1W 0603","TopLayer","RES_1608-0603","7.5264","26.8300","360","Resistor (SMD)"
"R41","4K7 1% .1W 0603","TopLayer","RES_1608-0603","7.5264","29.8780","360","Resistor (SMD)"
"R42","4K7 1% .1W 0603","TopLayer","RES_1608-0603","7.5264","32.9260","360","Resistor (SMD)"
"Thermistors","Header 5X2","TopLayer","HDR2X5","2.8020","29.1160","270","Header, 5-Pin, Dual row"
"Z+","Header 3","TopLayer","HDR1X3-HEADER","4.0716","52.7379","180","Header, 3-Pin"
"Z-","Header 3","TopLayer","HDR1X3-HEADER","4.0716","55.2780","180","Header, 3-Pin"
"X_MOT","3.5mm 4-Way","TopLayer","TERM4_3.5MM","51.3308","71.2439","360","Screw Terminal"
"Y+","Header 3","TopLayer","HDR1X3-HEADER","4.0716","57.8180","180","Header, 3-Pin"
"Y-","Header 3","TopLayer","HDR1X3-HEADER","4.0716","60.3580","180","Header, 3-Pin"
"Y_MOT","3.5mm 4-Way","TopLayer","TERM4_3.5MM","66.5632","71.2439","360","Screw Terminal"
"X+","Header 3","TopLayer","HDR1X3-HEADER","4.0716","62.8980","180","Header, 3-Pin"
"X-","Header 3","TopLayer","HDR1X3-HEADER","4.0716","65.4380","180","Header, 3-Pin"
"Z_MOT","3.5mm 4-Way","TopLayer","TERM4_3.5MM","81.7957","71.2439","360","Screw Terminal"
"R43","4K7 1% .1W 0603","TopLayer","RES_1608-0603","7.5264","35.9740","360","Resistor (SMD)"
"EXP2","Header 5X2","TopLayer","HDR2X5_EXP_INER_ONLY\","34.6626","71.1739","180","Header, 5-Pin, Dual row"
"R32","100K 5% .1W 0603","TopLayer","RES_1608-0603","122.9236","37.0000","270","Resistor (SMD)"
"E2_MOT","3.5mm 4-Way","TopLayer","TERM4_3.5MM","127.4930","71.2439","360","Screw Terminal"
"Q4","BUK9Y14-40B","TopLayer","LFPACK","70.3371","19.9333","180","N-Ch MOSFET 40V 56A LFPAK"
"Q3","BUK9Y14-40B","TopLayer","LFPACK","61.8541","19.9333","180","N-Ch MOSFET 40V 56A LFPAK"
"R46","22R 5% .1W 0603","TopLayer","RES_1608-0603","76.2292","27.6428","270","Resistor (SMD)"
"R47","100K 5% .1W 0603","TopLayer","RES_1608-0603","77.7024","27.6428","270","Resistor (SMD)"
"R48","22R 5% .1W 0603","TopLayer","RES_1608-0603","59.0840","27.6428","270","Resistor (SMD)"
"R49","100K 5% .1W 0603","TopLayer","RES_1608-0603","60.7349","27.6428","270","Resistor (SMD)"
"D6","General 1.5A 100V SMA","TopLayer","DO-214AC","100.1072","22.8962","270","Diode (SMD)"
"F1","Mini ATC ATO Blade Fuseholder","TopLayer","FUSEHOLDER_-_BK-6013_-_MINI_ATC_ATO_BLADE_15A","122.0800","16.0040","360","Fuseholder"
"J2","","TopLayer","Micro-USB_B_Molex_105017-0001","3.1750","14.0999","270","Micro-USB B Socket"
"EXP3","Header 7X2","TopLayer","HDR2X7","27.4792","3.5128","180","Header, 7-Pin, Dual row"
"C32","100uF 35V 6.3mm","TopLayer","CAP_EL_PANASONIC","89.6448","5.5702","90","Capacitor (SMD Polarised Electrolytic)"
"C33","100nF 10% 50V X7R 0603","TopLayer","Cap_1608-0603","89.6000","21.5999","180","Capacitor (SMD Ceramic)"
"D8","Schottky 4A 40V DO-214AA","TopLayer","DO-214AA","90.8000","18.3999","180","Diode (SMD)"
"L2","4.7uH 4.5A","TopLayer","SRN6045TA_SMD_Inductor","89.3575","13.0000","90","Inductor (SMD)"
"R56","140K 1% .1W 0603","TopLayer","RES_1608-0603","86.8000","24.6999","90","Resistor (SMD)"
"R57","10K 5% .1W 0603","TopLayer","RES_1608-0603","86.8000","28.3999","270","Resistor (SMD)"
"VFA0_sel","Header 3","TopLayer","HDR1X3-HEADER","74.6798","17.5844","90","Header, 3-Pin"
"VFA1_sel","Header 3","TopLayer","HDR1X3-HEADER","83.3158","17.6352","90","Header, 3-Pin"
"VHE2_sel","Header 3","TopLayer","HDR1X3-HEADER","66.1708","17.5844","90","Header, 3-Pin"
"12V","Header 2","TopLayer","HDR1X2","39.3484","11.1328","90","Header, 2-Pin"
"FAN0_1","Header 2","TopLayer","HDR1X2","70.4674","14.4884","180","Header, 2-Pin"
"FAN1_1","Header 2","TopLayer","HDR1X2","79.1036","14.4880","180","Header, 2-Pin"
"ENC_1","Header 4","TopLayer","HDR1X4","5.3420","47.7850","180","Header, 4-Pin"
"ENC_2","Header 4","TopLayer","HDR1X4","5.3420","45.2450","180","Header, 4-Pin"
"ENC_3","Header 4","TopLayer","HDR1X4","5.3420","42.7049","180","Header, 4-Pin"
"ENC_4","Header 4","TopLayer","HDR1X4","5.3420","40.1650","180","Header, 4-Pin"
"MAIN-PWR","5mm 2-Way","TopLayer","TERM2_5MM","102.1010","6.0782","360","Screw Terminal"
"HB-PWR","5mm 2-Way","TopLayer","TERM2_5MM","112.0832","6.0782","360","Screw Terminal"
"LD10","Green 0603","TopLayer","LED_1608-0603","34.0144","9.8628","180","LED (SMD)"
"R59","4K7 1% .1W 0603","TopLayer","RES_1608-0603","34.0144","11.6408","180","Resistor (SMD)"
"D7","General 1.5A 100V SMA","TopLayer","DO-214AC","131.7070","16.8999","270","Diode (SMD)"
